Site,BQ.1.1,XBB.1.5,BQ.1,XBB,BA.5,BN.1,BF.7,BA.2.75,BA.5.2.6,BF.11,BA.4.6,BA.2,BA.2.75.2,BA.4,BA.1.1,B.1.1.529,BA.2.12.1,Delta,Other_recombinants,Other,Filtered_reads
W1,0.860373336,0.647827815,0.973667496,0.096593636,0.187667408,0.823620584,0.254020222,0.145186517,0.289049621,0.221372304,0.241028175,0.894113605,0.172268046,0.91614531,0.162769002,0.840667205,0.368561229,0.989506759,0.336516708,0.863388288,0.675589756
W2,0.488514667,0.03357408,0.679389052,0.672823082,0.362543995,0.652218627,0.537330521,0.749130846,0.058378934,0.227252643,0.583746005,0.71524302,0.224786493,0.610956011,0.233603018,0.039985604,0.150224555,0.79503106,0.676786572,0.290493221,0.294502281
W3,0.42520459,0.970959747,0.571706489,0.756598574,0.072889972,0.276691835,0.066454845,0.961475109,0.239614539,0.910220167,0.811004473,0.430919768,0.205810429,0.065345594,0.965244835,0.140396252,0.866489791,0.665355583,0.840978683,0.631446608,0.032096909