Site,BQ.1.1,XBB.1.5,BQ.1,XBB,BA.5,BN.1,BF.7,BA.2.75,BA.5.2.6,BF.11,BA.4.6,BA.2,BA.2.75.2,BA.4,BA.1.1,B.1.1.529,BA.2.12.1,Delta,Other_recombinants,Other,Filtered_reads
ASUP01,0.846870271,0.004313086,0.063864754,0.647638197,0.067423085,0.765011364,0.374583777,0.454888945,0.759477555,0.949683276,0.715849108,0.005525153,0.345458215,0.956340651,0.185484283,0.91716563,0.167304887,0.237454122,0.186818488,0.914156242,0.752491346
ASUP02,0.664418603,0.243257264,0.958200974,0.704880652,0.923900709,0.88754718,0.511899813,0.626217226,0.152259233,0.456289368,0.336913303,0.082438509,0.283337688,0.531391341,0.366986299,0.054969621,0.386312983,0.353720407,0.406637868,0.172982885,0.459260142
ASUP03,0.864396336,0.966280327,0.192947404,0.036672453,0.049463976,0.346064789,0.05897782,0.277579927,0.728996857,0.072049292,0.486092371,0.388226232,0.420314268,0.543392658,0.127338437,0.228046373,0.984107007,0.012277955,0.920760164,0.211214795,0.371266926
ASUP04,0.937440379,0.883572561,0.601262986,0.281966195,0.313409462,0.799226751,0.149394041,0.488885058,0.458631787,0.935957107,0.374276564,0.41228418,0.614395067,0.68737617,0.400346896,0.632659294,0.183550853,0.138862777,0.024956555,0.538250962,0.031925506
ASUP05,0.560321815,0.039914471,0.915184288,0.949666556,0.689951808,0.012767366,0.847461176,0.273831769,0.547152526,0.400316375,0.979293848,0.382552096,0.821512598,0.482773801,0.392666445,0.088956589,0.997568515,0.275773669,0.820083899,0.10045531,0.063882008
ASUP06,0.269407,0.49376691,0.952677256,0.775620114,0.134720384,0.245173163,0.355096775,0.459590789,0.662602992,0.356617739,0.519388136,0.119098673,0.801309325,0.993123331,0.142361795,0.159700227,0.293690141,0.582060807,0.247596259,0.076351006,0.056543998
ASUP07,0.688234519,0.443708058,0.210275175,0.183991282,0.383553246,0.00981243,0.956836837,0.622512998,0.161033685,0.544720557,0.108530497,0.795558608,0.803514392,0.609888243,0.149679295,0.099648469,0.92511829,0.865733837,0.77484744,0.02286123,0.594883925