Site,BQ.1.1,XBB.1.5,BQ.1,XBB,BA.5,BN.1,BF.7,BA.2.75,BA.5.2.6,BF.11,BA.4.6,BA.2,BA.2.75.2,BA.4,BA.1.1,B.1.1.529,BA.2.12.1,Delta,Other_recombinants,Other,Filtered_reads
DT1,0.0,0.22848469,0.0,0.19584402,0.0,0.0,0.0,0.0,0.0,0.0,0.0,0.49938971,0.0,0.0,0.075,0.0,0.0,0.0,0.0,0.0,0.0012815800000000044
